<?xml version="1.0" encoding="UTF-8"?>

<!-- ===================================================================== -->
<!--                                                                       -->
<!--  JBoss Server Configuration                                           -->
<!--                                                                       -->
<!-- ===================================================================== -->

<server>

  <!-- ==================================================================== -->
  <!-- ConnectionManager setup for Oracle dbs                               -->
  <!-- Build jmx-api (build/build.sh all) and view for config documentation -->
  <!-- Thanks to Steven Coy                                                 -->
  <!-- ==================================================================== -->

  <mbean code="org.jboss.resource.connectionmanager.LocalTxConnectionManager" name="jboss.jca:service=LocalTxCM,name=OracleDS">


    <!-- Include a login module configuration named OracleDbRealm. 
         Update your login-conf.xml, here is an example for a 
         ConfiguredIdentityLoginModule:

    <application-policy name = "OracleDbRealm">
       <authentication>
          <login-module code = "org.jboss.resource.security.ConfiguredIdentityLoginModule" flag = "required">
             <module-option name = "principal">yourprincipal</module-option>
             <module-option name = "userName">yourusername</module-option>
             <module-option name = "password">yourpassword</module-option>
             <module-option name = "managedConnectionFactoryName">jboss.jca:service=LocalTxCM,name=OracleDS</module-option>
          </login-module>
       </authentication>
    </application-policy>

    NOTE: the application-policy name attribute must match SecurityDomainJndiName, and the 
      module-option name = "managedConnectionFactoryName"
    must match the object name of the ConnectionManager you are configuring here.
    -->

    <!--uncomment out this line if you are using the OracleDbRealm above
    <attribute name="SecurityDomainJndiName">OracleDbRealm</attribute>
    -->

    <depends optional-attribute-name="ManagedConnectionFactoryName">
      <!--embedded mbean-->
      <mbean code="org.jboss.resource.connectionmanager.RARDeployment" name="jboss.jca:service=LocalTxDS,name=OracleDS">

        <attribute name="JndiName">OracleDS</attribute>

        <attribute name="ManagedConnectionFactoryProperties">
          <properties>
            <config-property name="ConnectionURL" type="java.lang.String">jdbc:oracle:thin:@youroraclehost:1521:yoursid</config-property>
            <config-property name="DriverClass" type="java.lang.String">oracle.jdbc.driver.OracleDriver</config-property>
            <!--set these only if you want only default logins, not through JAAS -->
            <config-property name="UserName" type="java.lang.String"></config-property>
            <config-property name="Password" type="java.lang.String"></config-property>
          </properties>

        </attribute>

<!--Below here are advanced properties -->
        <!--hack-->
        <depends optional-attribute-name="OldRarDeployment">jboss.jca:service=RARDeployment,name=JBoss LocalTransaction JDBC Wrapper</depends>
      </mbean>
    </depends>

    <depends optional-attribute-name="ManagedConnectionPool">
      <!--embedded mbean-->
      <mbean code="org.jboss.resource.connectionmanager.JBossManagedConnectionPool" name="jboss.jca:service=LocalTxPool,name=OracleDS">

        <attribute name="MinSize">0</attribute>
        <attribute name="MaxSize">50</attribute>
        <attribute name="BlockingTimeoutMillis">5000</attribute>
        <attribute name="IdleTimeoutMinutes">15</attribute>
        <!--criteria indicates if Subject (from security domain) or app supplied
            parameters (such as from getConnection(user, pw)) are used to distinguish
            connections in the pool. Choices are 
            ByContainerAndApplication (use both), 
            ByContainer (use Subject),
            ByApplication (use app supplied params only),
            ByNothing (all connections are equivalent, usually if adapter supports
              reauthentication)-->
        <attribute name="Criteria">ByContainer</attribute>
      </mbean>

    </depends>
    <depends optional-attribute-name="CachedConnectionManager">jboss.jca:service=CachedConnectionManager</depends>
   
    <depends optional-attribute-name="JaasSecurityManagerService">jboss.security:name=JaasSecurityManager</depends>

    <attribute name="TransactionManager">java:/TransactionManager</attribute>
 
    <!--make the rar deploy! hack till better deployment-->
    <depends>jboss.jca:service=RARDeployer</depends>

  </mbean>


</server>
